province,region,description,landmark,food,culture,geography,keywords
กรุงเทพมหานคร,ภาคกลาง,เมืองหลวงและศูนย์กลางเศรษฐกิจของประเทศไทย,พระบรมมหาราชวัง|วัดพระแก้ว|วัดอรุณ|เสาชิงช้า,ผัดไทย|ต้มยำกุ้ง|ข้าวมันไก่,วิถีเมือง|สงกรานต์|ศิลปวัฒนธรรมไทย,ที่ราบลุ่มแม่น้ำเจ้าพระยา|เมืองใหญ่,เมืองหลวง|เจ้าพระยา|วัด|พระราชวัง|ตลาด
กระบี่,ภาคใต้,จังหวัดชายฝั่งอันดามันเด่นเรื่องทะเล เกาะ และหน้าผาหินปูน,หาดไร่เลย์ เกาะพีพี อ่าวนาง สระมรกต,ขนมจีน น้ำยาปู หอยชักตีน,วิถีชาวเล ประเพณีภาคใต้ หนังตะลุง,ทะเลอันดามัน เกาะ หน้าผาหินปูน ป่าชายเลน,ทะเล เกาะ หินปูน ดำน้ำ ไร่เลย์ อันดามัน; กระบี่
กาญจนบุรี,ภาคตะวันตก,จังหวัดที่มีประวัติศาสตร์สงครามและธรรมชาติทั้งภูเขา น้ำตก และแม่น้ำ,สะพานข้ามแม่น้ำแคว น้ำตกเอราวัณ อุทยานแห่งชาติไทรโยค,ปลาทับทิมแม่น้ำ ไก่บ้าน แกงป่า,ประวัติศาสตร์ทางรถไฟสายมรณะ วิถีชุมชนริมน้ำ,ภูเขา ป่าไม้ แม่น้ำแคว น้ำตก,สะพาน แม่น้ำแคว น้ำตก เอราวัณ สงคราม ป่า; กาญจนบุรี
กาฬสินธุ์,ภาคตะวันออกเฉียงเหนือ,จังหวัดอีสานที่มีแหล่งฟอสซิลไดโนเสาร์และวัฒนธรรมท้องถิ่นเข้มแข็ง,พิพิธภัณฑ์สิรินธร พระธาตุยาคู เขื่อนลำปาว,ไก่ย่างเขาสวนกวาง ลาบ ส้มตำ,หมอลำ โปงลาง บุญบั้งไฟ,ที่ราบสูงอีสาน แหล่งฟอสซิล อ่างเก็บน้ำ,ไดโนเสาร์ ฟอสซิล โปงลาง ลำปาว อีสาน; กาฬสินธุ์
กำแพงเพชร,ภาคกลาง,เมืองเก่าที่มีโบราณสถานและอุทยานประวัติศาสตร์ในกลุ่มมรดกวัฒนธรรมสุโขทัย,อุทยานประวัติศาสตร์กำแพงเพชร วัดพระแก้ว วัดช้างรอบ,กล้วยไข่ กระยาสารท ขนมพื้นเมือง,ประเพณีนบพระเล่นเพลง วิถีชุมชนเมืองเก่า,ที่ราบและภูเขาทางตะวันตก ป่าไม้,เมืองเก่า โบราณสถาน กล้วยไข่ สุโขทัย; กำแพงเพชร
ขอนแก่น,ภาคตะวันออกเฉียงเหนือ,ศูนย์กลางการค้า การศึกษา และการแพทย์ของภาคอีสาน มีแหล่งวัฒนธรรมสำคัญ,พระมหาธาตุแก่นนคร บึงแก่นนคร พิพิธภัณฑ์ไดโนเสาร์ภูเวียง,ไก่ย่างเขาสวนกวาง ลาบ ก้อย,หมอลำ บุญกฐิน ผ้าไหมมัดหมี่,ที่ราบสูงอีสานและพื้นที่เกษตรกรรม,ขอนแก่น แก่นนคร หมอลำ ผ้าไหม อีสาน; ขอนแก่น
จันทบุรี,ภาคตะวันออก,เมืองผลไม้และอัญมณีริมชายฝั่ง มีเมืองเก่าและธรรมชาติป่าเขา,อาสนวิหารพระนางมารีอาปฏิสนธินิรมล ชุมชนริมน้ำจันทบูร น้ำตกพลิ้ว,เส้นจันท์ผัดปู ขนมทุเรียน ก๋วยเตี๋ยวเส้นจันท์,ชุมชนไทยเชื้อสายจีนและเวียดนาม งานพลอย,ภูเขา ป่าฝน ชายฝั่งตะวันออก,ผลไม้ พลอย เส้นจันท์ จันทบูร น้ำตก; จันทบุรี
ฉะเชิงเทรา,ภาคตะวันออก,จังหวัดริมแม่น้ำบางปะกงที่มีวัดศักดิ์สิทธิ์และชุมชนเกษตร,วัดโสธรวรารามวรวิหาร ตลาดบ้านใหม่ เขื่อนทดน้ำบางปะกง,ขนมจาก กุ้งแม่น้ำ ปลาช่อนเผา,งานนมัสการหลวงพ่อโสธร วิถีชุมชนริมน้ำ,ที่ราบลุ่มแม่น้ำบางปะกง พื้นที่เกษตร,หลวงพ่อโสธร บางปะกง ตลาดบ้านใหม่ วัด; ฉะเชิงเทรา
ชลบุรี,ภาคตะวันออก,จังหวัดชายทะเลและเมืองท่องเที่ยวสำคัญ มีทั้งชายหาดและพื้นที่อุตสาหกรรม,พัทยา เกาะล้าน เขาสามมุก แหลมบาลีฮาย,อาหารทะเล ข้าวหลามหนองมน หอยนางรม,ประเพณีวิ่งควาย งานสงกรานต์พัทยา วิถีประมง,ชายฝั่งอ่าวไทย เมืองท่องเที่ยวและนิคมอุตสาหกรรม,พัทยา เกาะล้าน ทะเล ข้าวหลาม วิ่งควาย; ชลบุรี
ชัยนาท,ภาคกลาง,จังหวัดลุ่มเจ้าพระยาที่มีวิถีเกษตรและแหล่งเรียนรู้เกี่ยวกับนก,สวนนกชัยนาท เขื่อนเจ้าพระยา วัดปากคลองมะขามเฒ่า,ส้มโอขาวแตงกวา ขนมพื้นเมือง ปลาน้ำจืด,ประเพณีแข่งเรือ วิถีชาวนาและชุมชนริมน้ำ,ที่ราบลุ่มแม่น้ำเจ้าพระยาและแม่น้ำน้อย,สวนนก เขื่อนเจ้าพระยา ส้มโอ ชาวนา; ชัยนาท
ชัยภูมิ,ภาคตะวันออกเฉียงเหนือ,จังหวัดอีสานที่มีทุ่งดอกไม้ ภูเขา และอุทยานแห่งชาติหลายแห่ง,มอหินขาว ทุ่งดอกกระเจียว น้ำตกตาดโตน,หม่ำชัยภูมิ ส้มตำ ลาบ ไก่ย่าง,ประเพณีบุญบั้งไฟและวัฒนธรรมอีสาน,ภูเขา ป่าไม้ ทุ่งหญ้า อุทยานแห่งชาติ,มอหินขาว กระเจียว ตาดโตน ภูเขา อีสาน; ชัยภูมิ
ชุมพร,ภาคใต้,ประตูสู่ภาคใต้ฝั่งอ่าวไทย มีทะเล เกาะ และแหล่งดำน้ำ,หาดทุ่งวัวแล่น เกาะง่าม เขามัทรี,แกงเหลือง ปลาทอด ขนมจีน,วิถีชาวประมงและประเพณีชุมชนชายฝั่ง,ชายฝั่งอ่าวไทย เกาะ สวนผลไม้ ทะเล,อ่าวไทย ดำน้ำ เกาะ ทุ่งวัวแล่น ประมง; ชุมพร
ตรัง,ภาคใต้,จังหวัดชายฝั่งอันดามันที่มีอาหารขึ้นชื่อและเกาะธรรมชาติ,เกาะมุก ถ้ำมรกต เกาะกระดาน,หมูย่างตรัง ขนมจีบ เค้กตรัง,ประเพณีถือศีลกินเจและวิถีชาวจีนโพ้นทะเล,ทะเลอันดามัน เกาะ ถ้ำ ป่าชายเลน,หมูย่าง ถ้ำมรกต เกาะมุก เค้กตรัง อันดามัน; ตรัง
ตราด,ภาคตะวันออก,จังหวัดชายแดนทางทะเลที่มีหมู่เกาะสวยงามและป่าชายเลน,เกาะช้าง เกาะกูด เกาะหมาก อนุสรณ์สถานยุทธนาวีเกาะช้าง,อาหารทะเล ผลไม้ น้ำพริกกะปิ,วิถีชาวประมงและวัฒนธรรมชุมชนเกาะ,ทะเลอ่าวไทย หมู่เกาะ ป่าชายเลน ชายแดน,เกาะช้าง เกาะกูด เกาะหมาก ทะเล ประมง; ตราด
ตาก,ภาคตะวันตก,จังหวัดชายแดนที่มีภูเขา ป่า และน้ำตกขนาดใหญ่ รวมถึงเส้นทางสู่ชายแดนเมียนมา,น้ำตกทีลอซู เขื่อนภูมิพล อุทยานแห่งชาติแม่เมย,ข้าวแช่ ปลาแม่น้ำ แกงมะแฮะ,วัฒนธรรมชาวเขาและชุมชนชายแดน ประเพณีลอยกระทงสาย,ภูเขาสูง ป่าไม้ แม่น้ำปิง ชายแดน,ทีลอซู ภูมิพล แม่สอด ภูเขา น้ำตก; ตาก
นครนายก,ภาคกลาง,จังหวัดใกล้กรุงเทพฯ ที่เด่นด้านธรรมชาติ น้ำตก และกิจกรรมพักผ่อน,น้ำตกสาริกา เขื่อนขุนด่านปราการชล วังรี,ไก่ย่าง ขนมหวาน ผลไม้พื้นบ้าน,ประเพณีท้องถิ่นและวิถีเกษตร,ภูเขา ป่าไม้ แม่น้ำนครนายก,สาริกา ขุนด่าน น้ำตก ภูเขา เกษตร; นครนายก
นครปฐม,ภาคกลาง,จังหวัดเก่าแก่ใกล้กรุงเทพฯ มีองค์พระปฐมเจดีย์และพื้นที่เกษตร,องค์พระปฐมเจดีย์ พระราชวังสนามจันทร์ ตลาดน้ำดอนหวาย,ส้มโอ ข้าวหมูแดง เป็ดพะโล้,ประเพณีแห่ผ้าห่มองค์พระ วิถีชุมชนตลาดน้ำ,ที่ราบลุ่มแม่น้ำท่าจีน พื้นที่เกษตร,พระปฐมเจดีย์ ส้มโอ ดอนหวาย สนามจันทร์; นครปฐม
นครพนม,ภาคตะวันออกเฉียงเหนือ,จังหวัดริมแม่น้ำโขงที่มีพระธาตุสำคัญและวัฒนธรรมไทยลาว,พระธาตุพนม ถนนคนเดินริมโขง สะพานมิตรภาพไทยลาว,หมูยอ ข้าวจี่ อาหารเวียดนาม,ประเพณีไหลเรือไฟ วัฒนธรรมผู้ไทและไทยญ้อ,แม่น้ำโขง ที่ราบริมฝั่ง ภูเขาหินปูน,พระธาตุพนม โขง ไหลเรือไฟ หมูยอ ผู้ไท; นครพนม
นครราชสีมา,ภาคตะวันออกเฉียงเหนือ,จังหวัดใหญ่ของอีสานและประตูสู่อีสาน มีทั้งเมืองและธรรมชาติ,อุทยานแห่งชาติเขาใหญ่ อนุสาวรีย์ท้าวสุรนารี ปราสาทหินพิมาย,ผัดหมี่โคราช ไก่ย่าง ส้มตำ,งานย่าโม เพลงโคราช วัฒนธรรมอีสาน,ที่ราบสูงโคราช ป่าเขาและอุทยาน,โคราช ย่าโม เขาใหญ่ ผัดหมี่ พิมาย; นครราชสีมา
นครศรีธรรมราช,ภาคใต้,เมืองประวัติศาสตร์ภาคใต้ที่มีวัดสำคัญและภูเขาใกล้ทะเล,วัดพระมหาธาตุวรมหาวิหาร เขาหลวง หมู่บ้านคีรีวง,ขนมจีนเมืองคอน แกงเหลือง หมูย่าง,ประเพณีสารทเดือนสิบ หนังตะลุง โนรา,ภูเขา ชายฝั่งอ่าวไทย ป่าไม้,พระมหาธาตุ เขาหลวง คีรีวง โนรา ขนมจีน; นครศรีธรรมราช
นครสวรรค์,ภาคกลาง,เมืองต้นแม่น้ำเจ้าพระยาและศูนย์กลางการค้าของภาคเหนือตอนล่าง,บึงบอระเพ็ด อุทยานสวรรค์ พาสาน,โมจินครสวรรค์ ขนมหวาน ปลาแม่น้ำ,เทศกาลตรุษจีนปากน้ำโพ ชุมชนไทยจีน,แม่น้ำปิงและน่านบรรจบกันเป็นเจ้าพระยา พื้นที่ชุ่มน้ำ,ปากน้ำโพ บึงบอระเพ็ด เจ้าพระยา โมจิ; นครสวรรค์
นนทบุรี,ภาคกลาง,จังหวัดเมืองริมเจ้าพระยาที่เชื่อมต่อกรุงเทพฯ และมีสวนผลไม้ดั้งเดิม,เกาะเกร็ด วัดเฉลิมพระเกียรติ ตลาดน้ำไทรน้อย,ทุเรียนนนท์ ขนมไทย ก๋วยเตี๋ยว,วัฒนธรรมชาวมอญเกาะเกร็ด เครื่องปั้นดินเผา,ที่ราบลุ่มเจ้าพระยา สวนผลไม้และชุมชนเมือง,เกาะเกร็ด ทุเรียนมอญ เครื่องปั้นดินเผา เจ้าพระยา; นนทบุรี
นราธิวาส,ภาคใต้,จังหวัดชายแดนใต้ริมทะเล มีวัฒนธรรมมลายูและธรรมชาติป่าเขา,หาดนราทัศน์ มัสยิด 300 ปี น้ำตกปาโจ,ข้าวยำ โรตี อาหารมลายู,วัฒนธรรมมลายูมุสลิม ศิลปะท้องถิ่นและประเพณีฮารีรายอ,ชายฝั่งทะเล ป่าฮาลา-บาลา ภูเขา ชายแดน,มลายู ฮาลา บาลา โรตี ทะเล ชายแดน; นราธิวาส
น่าน,ภาคเหนือ,เมืองสงบในหุบเขาที่มีวัดโบราณ ศิลปะท้องถิ่น และธรรมชาติภูเขา,วัดภูมินทร์ ดอยเสมอดาว ถนนคนเดินน่าน,ข้าวซอย น้ำเงี้ยว ไก่ทอดมะแขว่น,ภาพจิตรกรรมกระซิบรัก งานแข่งเรือ ผ้าทอพื้นเมือง,ภูเขาสลับซับซ้อน ป่าไม้ หุบเขา,วัดภูมินทร์ ดอยเสมอดาว มะแขว่น ผ้าทอ น่าน; น่าน
บึงกาฬ,ภาคตะวันออกเฉียงเหนือ,จังหวัดริมโขงน้องใหม่ที่เด่นด้วยภูเขาหินและธรรมชาติ,หินสามวาฬ ภูทอก น้ำตกเจ็ดสี,ปลาแม่น้ำ ลาบ ส้มตำ,วัฒนธรรมอีสานและชุมชนริมโขง,แม่น้ำโขง ภูเขาหิน ป่าไม้ น้ำตก,หินสามวาฬ ภูทอก โขง น้ำตก อีสาน; บึงกาฬ
บุรีรัมย์,ภาคตะวันออกเฉียงเหนือ,จังหวัดอีสานใต้ที่มีปราสาทหินและชื่อเสียงด้านกีฬา,ปราสาทพนมรุ้ง สนามช้างอารีนา วนอุทยานเขากระโดง,ลูกชิ้นยืนกิน ข้าวเหนียว ส้มตำ,วัฒนธรรมเขมรโบราณ ประเพณีขึ้นเขาพนมรุ้ง,ที่ราบสูงและภูเขาไฟโบราณ,พนมรุ้ง สนามช้าง ลูกชิ้นยืนกิน เขมร ภูเขาไฟ; บุรีรัมย์
ปทุมธานี,ภาคกลาง,จังหวัดชานเมืองกรุงเทพฯ ที่มีมหาวิทยาลัย นิคมอุตสาหกรรม และชุมชนริมน้ำ,วัดเจดีย์หอย ตลาดร้อยปีระแหง พิพิธภัณฑ์วิทยาศาสตร์,ก๋วยเตี๋ยวเรือ ขนมไทย ผลิตภัณฑ์จากบัว,วัฒนธรรมชาวมอญและชุมชนริมคลอง,ที่ราบลุ่มเจ้าพระยา คลองและพื้นที่เกษตร,ปทุมธานี มอญ คลอง บัว ก๋วยเตี๋ยวเรือ; ปทุมธานี
ประจวบคีรีขันธ์,ภาคตะวันตก,จังหวัดชายฝั่งอ่าวไทยที่มีทะเล ภูเขา และสถานตากอากาศชื่อดัง,หัวหิน เขาตะเกียบ อุทยานแห่งชาติกุยบุรี,สับปะรดกวน อาหารทะเล ข้าวเหนียวมะม่วง,วิถีเมืองตากอากาศและชุมชนประมง,ชายฝั่งอ่าวไทย เทือกเขาตะนาวศรี ชายแดนเมียนมา,หัวหิน กุยบุรี สับปะรด ทะเล ตะนาวศรี; ประจวบคีรีขันธ์
ปราจีนบุรี,ภาคตะวันออก,จังหวัดที่มีพื้นที่ป่าเขาและแหล่งธรรมชาติใกล้เขาใหญ่,อุทยานแห่งชาติเขาใหญ่ น้ำตกเขาอีโต้ ต้นโพธิ์ศรีมหาโพธิ,ผลไม้ สมุนไพร อาหารพื้นบ้าน,ประเพณีท้องถิ่นและวิถีเกษตร,ป่าเขาใหญ่ ภูเขา ที่ราบเกษตร,เขาใหญ่ เขาอีโต้ สมุนไพร ผลไม้ ป่า; ปราจีนบุรี
ปัตตานี,ภาคใต้,จังหวัดชายแดนใต้ที่มีประวัติศาสตร์เมืองปัตตานีและวัฒนธรรมมลายูเข้มแข็ง,มัสยิดกรือเซะ หาดตะโละกาโปร์ ศาลเจ้าแม่ลิ้มกอเหนี่ยว,ข้าวยำ โรตี มัสมั่น,วัฒนธรรมมลายูมุสลิมและเทศกาลเจ้าแม่ลิ้มกอเหนี่ยว,ชายฝั่งอ่าวไทย ที่ราบชายฝั่ง,มลายู กรือเซะ โรตี ข้าวยำ ทะเล; ปัตตานี
พะเยา,ภาคเหนือ,เมืองริมกว๊านที่มีภูเขาและวัดเก่าแก่ บรรยากาศเงียบสงบ,กว๊านพะเยา วัดศรีโคมคำ ดอยภูลังกา,ข้าวซอย น้ำเงี้ยว ปลาส้ม,วัฒนธรรมล้านนา ประเพณีลอยกระทง,กว๊านพะเยา ภูเขา ป่าไม้ อากาศเย็น,กว๊านพะเยา ภูลังกา ล้านนา ข้าวซอย; พะเยา
พังงา,ภาคใต้,จังหวัดอันดามันที่มีหมู่เกาะหินปูน ป่าชายเลน และธรรมชาติทางทะเล,อ่าวพังงา เกาะตะปู เขาหลัก,อาหารทะเล แกงส้ม ปลาทอด,วิถีชาวประมงและชุมชนไทยจีน,ทะเลอันดามัน เกาะหินปูน ป่าชายเลน,อ่าวพังงา เขาหลัก เกาะตะปู หินปูน; พังงา
พัทลุง,ภาคใต้,จังหวัดลุ่มน้ำทะเลสาบสงขลาที่มีวิถีชนบทและศิลปะหนังตะลุง,ทะเลน้อย เขาอกทะลุ นาขั้นบันได,ขนมลา แกงไตปลา ข้าวยำ,หนังตะลุง โนรา ประเพณีชิงเปรต,ทะเลสาบสงขลา พื้นที่ชุ่มน้ำ ภูเขา นาข้าว,ทะเลน้อย หนังตะลุง โนรา เขาอกทะลุ; พัทลุง
พิจิตร,ภาคกลาง,จังหวัดลุ่มน้ำน่านที่มีตำนานชาละวันและวิถีเกษตร,บึงสีไฟ วัดท่าหลวง พิพิธภัณฑ์จระเข้,ข้าวต้มมัด ปลาร้า ขนมพื้นเมือง,ประเพณีแข่งเรือยาว ตำนานไกรทอง,ที่ราบลุ่มแม่น้ำน่านและพื้นที่ชุ่มน้ำ,บึงสีไฟ ชาละวัน จระเข้ แข่งเรือ น่าน; พิจิตร
พิษณุโลก,ภาคกลาง,เมืองสองแควและศูนย์กลางภาคเหนือตอนล่าง มีพระพุทธรูปสำคัญ,วัดพระศรีรัตนมหาธาตุวรมหาวิหาร พระพุทธชินราช เขื่อนแควน้อย,ก๋วยเตี๋ยวห้อยขา กล้วยตาก ปลาแม่น้ำ,ประเพณีแข่งเรือและวัฒนธรรมเมืองสองแคว,แม่น้ำน่าน ที่ราบและภูเขาทางตะวันออก,พระพุทธชินราช สองแคว กล้วยตาก ก๋วยเตี๋ยว; พิษณุโลก
ภูเก็ต,ภาคใต้,เกาะท่องเที่ยวระดับนานาชาติที่มีชายหาด เมืองเก่า และวัฒนธรรมไทยจีน,เมืองเก่าภูเก็ต แหลมพรหมเทพ หาดป่าตอง,หมี่ฮกเกี้ยน โอ้เอ๋ว หมูฮ้อง,ประเพณีถือศีลกินผัก วัฒนธรรมบาบ๋า-ย่าหยา,เกาะ ชายหาด ทะเลอันดามัน เนินเขา,ป่าตอง พรหมเทพ เมืองเก่า หมี่ฮกเกี้ยน กินผัก; ภูเก็ต
มหาสารคาม,ภาคตะวันออกเฉียงเหนือ,จังหวัดศูนย์กลางการศึกษาในอีสาน มีวัฒนธรรมพื้นบ้านและพื้นที่เกษตร,พระธาตุนาดูน กู่มหาธาตุ แก่งเลิงจาน,ข้าวจี่ ลาบ ส้มตำ,หมอลำ บุญผะเหวด และผ้าไหมพื้นบ้าน,ที่ราบสูงอีสาน ทุ่งนา,นาดูน หมอลำ ผ้าไหม ข้าวจี่ อีสาน; มหาสารคาม
มุกดาหาร,ภาคตะวันออกเฉียงเหนือ,จังหวัดริมโขงตรงข้ามลาว มีภูเขาและตลาดอินโดจีน,หอแก้วมุกดาหาร ตลาดอินโดจีน วัดภูมโนรมย์,หมูยอ อาหารเวียดนาม ส้มตำ,วัฒนธรรมไทยญ้อและชุมชนริมโขง,แม่น้ำโขง ภูเขา ป่าไม้ ชายแดน,โขง อินโดจีน หอแก้ว ภูมโนรมย์ ไทยญ้อ; มุกดาหาร
ยโสธร,ภาคตะวันออกเฉียงเหนือ,จังหวัดอีสานที่มีชื่อเสียงจากประเพณีบุญบั้งไฟและวิถีเกษตร,พญาคันคาก สวนสาธารณะบุ่งน้อยบุ่งใหญ่ ธาตุก่องข้าวน้อย,หมูยอ ส้มตำ ลาบ,บุญบั้งไฟและวัฒนธรรมหมอลำ,ที่ราบสูงอีสานและพื้นที่นา,บั้งไฟ พญาคันคาก หมอลำ ลาบ อีสาน; ยโสธร
ยะลา,ภาคใต้,จังหวัดชายแดนใต้ที่มีภูเขา ป่า และสวนผลไม้ รวมถึงเมืองเบตง,ทะเลหมอกอัยเยอร์เวง อุโมงค์ปิยะมิตร สวนหมื่นบุปผา,ไก่เบตง บะหมี่เบตง ติ่มซำ,วัฒนธรรมไทยจีนและมลายู ประเพณีท้องถิ่น,ภูเขาสันกาลาคีรี ป่าดิบชื้น ชายแดน,เบตง อัยเยอร์เวง ไก่เบตง ภูเขา ชายแดน; ยะลา
ร้อยเอ็ด,ภาคตะวันออกเฉียงเหนือ,จังหวัดอีสานที่มีเจดีย์สูงและบึงขนาดใหญ่กลางเมือง,พระมหาเจดีย์ชัยมงคล บึงพลาญชัย วัดบูรพาภิราม,ข้าวหอมมะลิ ลาบ ส้มตำ,บุญผะเหวด หมอลำ และประเพณีอีสาน,ที่ราบสูง ทุ่งนา และพื้นที่ชุ่มน้ำ,เจดีย์ชัยมงคล บึงพลาญชัย ข้าวหอมมะลิ หมอลำ; ร้อยเอ็ด
ระนอง,ภาคใต้,จังหวัดชายฝั่งอันดามันที่มีภูเขา น้ำพุร้อน และป่าฝน,น้ำพุร้อนรักษะวาริน เกาะพยาม ภูเขาหญ้า,อาหารทะเล แกงส้ม กุ้งผัดสะตอ,วัฒนธรรมไทยจีนและชุมชนประมง,ภูเขา ป่าฝน ทะเลอันดามัน ชายแดนเมียนมา,น้ำพุร้อน เกาะพยาม ภูเขาหญ้า อันดามัน; ระนอง
ราชบุรี,ภาคตะวันตก,จังหวัดใกล้กรุงเทพฯ ที่มีตลาดน้ำ เมืองเก่า และภูเขาหินปูน,ตลาดน้ำดำเนินสะดวก ถ้ำเขาบิน อุทยานหินเขางู,โอ่งมังกร ก๋วยเตี๋ยวราชบุรี ขนมหวาน,ชุมชนไทยจีนและมอญ วิถีตลาดน้ำ,ที่ราบลุ่มแม่น้ำแม่กลองและภูเขาหินปูน,โอ่งมังกร ดำเนินสะดวก เขางู แม่กลอง; ราชบุรี
ลพบุรี,ภาคกลาง,เมืองประวัติศาสตร์ที่มีโบราณสถานสมัยขอมและลิงเป็นเอกลักษณ์,พระปรางค์สามยอด พระนารายณ์ราชนิเวศน์ เขื่อนป่าสักชลสิทธิ์,ข้าวหลาม ปลาส้ม อาหารพื้นบ้าน,งานแผ่นดินสมเด็จพระนารายณ์ ประวัติศาสตร์กรุงศรีอยุธยา,ที่ราบภาคกลางและพื้นที่เขื่อน,พระปรางค์สามยอด ลิง พระนารายณ์ ป่าสัก; ลพบุรี
ลำปาง,ภาคเหนือ,เมืองล้านนาที่มีรถม้า วัดเก่า และภูเขาไฟโบราณ,วัดพระธาตุลำปางหลวง ศูนย์อนุรักษ์ช้างไทย เขื่อนกิ่วลม,ข้าวซอย ขนมจีนน้ำเงี้ยว ไก่ย่าง,วัฒนธรรมล้านนา งานรถม้าและเซรามิก,แอ่งลำปาง ภูเขา ป่าไม้,รถม้า ช้าง ลำปางหลวง เซรามิก ล้านนา; ลำปาง
ลำพูน,ภาคเหนือ,เมืองเก่าล้านนาที่มีพระธาตุหริภุญชัยและสวนลำไย,วัดพระธาตุหริภุญชัย อนุสาวรีย์พระนางจามเทวี สะพานทาชมภู,ลำไย ข้าวซอย ไส้อั่ว,ประเพณีสรงน้ำพระธาตุและวัฒนธรรมล้านนา,แอ่งเชียงใหม่ลำพูน แม่น้ำกวง พื้นที่สวนลำไย,ลำไย หริภุญชัย จามเทวี ล้านนา; ลำพูน
ศรีสะเกษ,ภาคตะวันออกเฉียงเหนือ,จังหวัดอีสานใต้ที่มีปราสาทหินและชื่อเสียงด้านผลไม้,ปราสาทพระวิหาร ผามออีแดง ปราสาทสระกำแพงใหญ่,กระเทียมศรีสะเกษ ทุเรียนภูเขาไฟ ส้มตำ,วัฒนธรรมเขมรอีสานใต้และประเพณีบุญบั้งไฟ,ที่ราบสูงใกล้เทือกเขาพนมดงรัก,ทุเรียนภูเขาไฟ กระเทียม ผามออีแดง ปราสาท; ศรีสะเกษ
สกลนคร,ภาคตะวันออกเฉียงเหนือ,จังหวัดริมหนองหารที่มีวัฒนธรรมผู้ไทและพระธาตุสำคัญ,หนองหาร พระธาตุเชิงชุม วัดถ้ำผาแด่น,เนื้อโคขุนโพนยางคำ หมูยอ ส้มตำ,วัฒนธรรมผู้ไท งานแห่ปราสาทผึ้ง,หนองหาร ภูเขา ป่าไม้ ที่ราบสูง,หนองหาร ผู้ไท เชิงชุม โพนยางคำ ปราสาทผึ้ง; สกลนคร
สงขลา,ภาคใต้,จังหวัดชายฝั่งอ่าวไทยที่มีเมืองหาดใหญ่และทะเลสาบสงขลา,หาดใหญ่ เขาตังกวน เมืองเก่าสงขลา,ไก่ทอดหาดใหญ่ ข้าวยำ ติ่มซำ,วัฒนธรรมไทยจีนและมลายู งานสมโภชศาลหลักเมือง,ทะเลสาบสงขลา ชายฝั่งอ่าวไทย เมืองใหญ่,หาดใหญ่ ติ่มซำ ทะเลสาบ สงขลา เขาตังกวน; สงขลา
สตูล,ภาคใต้,จังหวัดชายฝั่งอันดามันที่มีหมู่เกาะและแหล่งธรณีวิทยาสำคัญ,เกาะหลีเป๊ะ อุทยานแห่งชาติหมู่เกาะตะรุเตา ถ้ำภูผาเพชร,โรตี ชาชัก อาหารทะเล,วัฒนธรรมมลายูและชาวเล,ทะเลอันดามัน หมู่เกาะ หินปูน ถ้ำ,หลีเป๊ะ ตะรุเตา ชาชัก มลายู ชาวเล; สตูล
สมุทรปราการ,ภาคกลาง,จังหวัดปากแม่น้ำเจ้าพระยาติดกรุงเทพฯ มีเมืองอุตสาหกรรมและสถานที่ท่องเที่ยว,เมืองโบราณ พิพิธภัณฑ์ช้างเอราวัณ ป้อมพระจุลจอมเกล้า,ปลาสลิดบางบ่อ กุ้งแม่น้ำ อาหารทะเล,ประเพณีรับบัวและวิถีชุมชนริมคลอง,ปากแม่น้ำเจ้าพระยา ชายฝั่งอ่าวไทย พื้นที่เมือง,ปลาสลิด เมืองโบราณ ช้างเอราวัณ รับบัว; สมุทรปราการ
สมุทรสงคราม,ภาคกลาง,จังหวัดเล็กริมแม่กลองที่มีตลาดน้ำและสวนมะพร้าว,ตลาดน้ำอัมพวา ตลาดร่มหุบ วัดบางกุ้ง,ปลาทูแม่กลอง หอยหลอด น้ำตาลมะพร้าว,วิถีสวนมะพร้าว ชุมชนริมน้ำและตลาดน้ำ,ปากแม่น้ำแม่กลอง ชายฝั่งอ่าวไทย สวนมะพร้าว,อัมพวา แม่กลอง ปลาทู หอยหลอด มะพร้าว; สมุทรสงคราม
สมุทรสาคร,ภาคกลาง,จังหวัดประมงและอุตสาหกรรมอาหารทะเลใกล้กรุงเทพฯ,ตลาดมหาชัย วัดท่าไม้ ศาลพันท้ายนรสิงห์,อาหารทะเล ปลาทู กุ้ง,วิถีชาวประมงและชุมชนไทยจีน,ชายฝั่งอ่าวไทย ปากแม่น้ำท่าจีน พื้นที่อุตสาหกรรม,มหาชัย ประมง อาหารทะเล ปลาทู ท่าจีน; สมุทรสาคร
สระแก้ว,ภาคตะวันออก,จังหวัดชายแดนกัมพูชาที่มีตลาดการค้าและแหล่งโบราณสถาน,ปราสาทสด๊กก๊อกธม ตลาดโรงเกลือ อุทยานแห่งชาติปางสีดา,ก๋วยเตี๋ยว อาหารอีสาน ผลไม้,วัฒนธรรมชายแดนไทยกัมพูชาและชุมชนการค้า,ที่ราบและป่าเขาใกล้เทือกเขาสันกำแพง,โรงเกลือ สด๊กก๊อกธม ปางสีดา ชายแดน; สระแก้ว
สระบุรี,ภาคกลาง,จังหวัดที่มีวัดสำคัญและพื้นที่เกษตรริมแม่น้ำป่าสัก,วัดพระพุทธบาท น้ำตกเจ็ดสาวน้อย เขื่อนป่าสักชลสิทธิ์,กะหรี่ปั๊บสระบุรี ข้าวเหนียว ไก่ย่าง,ประเพณีนมัสการพระพุทธบาทและวิถีเกษตร,แม่น้ำป่าสัก ที่ราบและภูเขา,พระพุทธบาท เจ็ดสาวน้อย ป่าสัก กะหรี่ปั๊บ; สระบุรี
สิงห์บุรี,ภาคกลาง,จังหวัดลุ่มเจ้าพระยาที่มีประวัติศาสตร์วีรชนบางระจันและวิถีชาวนา,อนุสาวรีย์วีรชนค่ายบางระจัน วัดพระนอนจักรสีห์,ปลาช่อนแม่ลา ข้าว ขนมไทย,วีรชนบางระจัน ประเพณีแข่งเรือและวิถีชุมชน,ที่ราบลุ่มแม่น้ำเจ้าพระยาและแม่น้ำน้อย,บางระจัน ปลาช่อนแม่ลา เจ้าพระยา ชาวนา; สิงห์บุรี
สุพรรณบุรี,ภาคกลาง,จังหวัดเกษตรกรรมที่มีประวัติศาสตร์และแหล่งท่องเที่ยวพื้นบ้าน,หอคอยบรรหารแจ่มใส วัดป่าเลไลยก์ ตลาดสามชุก,ปลาม้า ขนมสาลี่ ก๋วยเตี๋ยว,เพลงอีแซว ตลาดร้อยปีสามชุก และวิถีลูกทุ่ง,ที่ราบลุ่มแม่น้ำท่าจีนและพื้นที่นา,สามชุก ขนมสาลี่ ปลาม้า อีแซว ท่าจีน; สุพรรณบุรี
สุราษฎร์ธานี,ภาคใต้,จังหวัดใหญ่ฝั่งอ่าวไทยที่มีเกาะท่องเที่ยวและป่าฝน,เกาะสมุย เกาะพะงัน เขื่อนเชี่ยวหลาน,หอยนางรม ไข่เค็มไชยา ขนมจีน,ประเพณีชักพระและวิถีชุมชนชาวเกาะ,อ่าวไทย เกาะ ภูเขาหินปูน ป่าฝน,สมุย พะงัน เชี่ยวหลาน ไข่เค็ม หอยนางรม; สุราษฎร์ธานี
สุรินทร์,ภาคตะวันออกเฉียงเหนือ,จังหวัดอีสานใต้ที่มีวัฒนธรรมเขมรและชื่อเสียงด้านช้าง,หมู่บ้านช้างตากลาง ปราสาทศีขรภูมิ อ่างเก็บน้ำห้วยเสนง,หมูยอ ส้มตำ ข้าวหอมมะลิ,งานช้างสุรินทร์ ผ้าไหม และวัฒนธรรมเขมร,ที่ราบสูงอีสานใต้ ป่าดงและพื้นที่นา,ช้าง งานช้าง ศีขรภูมิ ผ้าไหม เขมร; สุรินทร์
สุโขทัย,ภาคกลาง,เมืองมรดกโลกที่มีโบราณสถานสำคัญและเป็นศูนย์กลางประวัติศาสตร์ไทย,อุทยานประวัติศาสตร์สุโขทัย วัดมหาธาตุ วัดศรีชุม,ก๋วยเตี๋ยวสุโขทัย ขนมเกลียว กล้วยฉาบ,ประเพณีลอยกระทงเผาเทียนเล่นไฟ ศิลปะสุโขทัย,ที่ราบลุ่มแม่น้ำยม มีภูเขาทางตะวันตก,สุโขทัย โบราณสถาน วัดศรีชุม ลอยกระทง ก๋วยเตี๋ยว; สุโขทัย
หนองคาย,ภาคตะวันออกเฉียงเหนือ,จังหวัดริมแม่น้ำโขงตรงข้ามลาว มีสะพานมิตรภาพและบรรยากาศริมน้ำ,พญานาคริมโขง สะพานมิตรภาพไทยลาว วัดโพธิ์ชัย,แหนมเนือง หมูยอ อาหารเวียดนาม,ประเพณีออกพรรษาและบั้งไฟพญานาค วัฒนธรรมริมโขง,แม่น้ำโขง ที่ราบริมฝั่ง,โขง พญานาค สะพานมิตรภาพ แหนมเนือง ออกพรรษา; หนองคาย
หนองบัวลำภู,ภาคตะวันออกเฉียงเหนือ,จังหวัดอีสานที่มีภูเขาและแหล่งโบราณคดี รวมถึงวัฒนธรรมท้องถิ่น,ภูเก้า-ภูพานคำ ถ้ำเอราวัณ แหล่งโบราณคดีบ้านกุดคอเมย,ลาบ ส้มตำ ไก่ย่าง,วัฒนธรรมอีสานและประเพณีบุญบั้งไฟ,ภูเขา ป่าไม้ ที่ราบสูงอีสาน,ภูเก้า ภูพานคำ ถ้ำเอราวัณ อีสาน; หนองบัวลำภู
อำนาจเจริญ,ภาคตะวันออกเฉียงเหนือ,จังหวัดเล็กในอีสานที่มีวิถีเกษตรและวัฒนธรรมชุมชน,พระมงคลมิ่งเมือง วัดถ้ำแสงเพชร แก่งคันสูง,ข้าวปุ้น ลาบ ส้มตำ,บุญบั้งไฟ หมอลำ และงานบุญอีสาน,ที่ราบสูงอีสาน ทุ่งนาและลำน้ำ,มงคลมิ่งเมือง ข้าวปุ้น บั้งไฟ หมอลำ อีสาน; อำนาจเจริญ
อุดรธานี,ภาคตะวันออกเฉียงเหนือ,ศูนย์กลางอีสานตอนบนที่มีแหล่งโบราณคดีบ้านเชียงและทะเลบัวแดง,แหล่งโบราณคดีบ้านเชียง ทะเลบัวแดง วัดป่าภูก้อน,แหนมเนือง ไก่ย่าง อาหารเวียดนาม,วัฒนธรรมอีสานและชุมชนไทยจีน,ที่ราบสูง ทุ่งนา หนองน้ำ,บ้านเชียง ทะเลบัวแดง ภูก้อน แหนมเนือง อีสาน; อุดรธานี
อุตรดิตถ์,ภาคเหนือ,จังหวัดริมแม่น้ำน่านที่มีภูเขาและผลไม้ลางสาด,เขื่อนสิริกิติ์ อนุสาวรีย์พระยาพิชัยดาบหัก วัดพระแท่นศิลาอาสน์,ลางสาด ทุเรียนหลงลับแล ข้าวพันผัก,ประเพณีอัฐมีบูชาและเรื่องราวพระยาพิชัยดาบหัก,ภูเขา แม่น้ำน่าน ป่าไม้ เขื่อน,ลับแล ลางสาด หลบลับแล พระยาพิชัย สิริกิติ์; อุตรดิตถ์
อุทัยธานี,ภาคกลาง,จังหวัดสงบที่มีวัดบนยอดเขาและวิถีชุมชนริมน้ำ,วัดท่าซุง เขาสะแกกรัง หุบป่าตาด,ปลาแรด น้ำพริก ขนมพื้นบ้าน,ประเพณีตักบาตรเทโวและชุมชนชาวแพ,แม่น้ำสะแกกรัง ป่าเขาและถ้ำ,ท่าซุง เขาสะแกกรัง ปลาแรด หุบป่าตาด ชาวแพ; อุทัยธานี
อุบลราชธานี,ภาคตะวันออกเฉียงเหนือ,จังหวัดอีสานตะวันออกที่ติดแม่น้ำโขงและมีแหล่งธรรมชาติหินผา,ผาแต้ม สามพันโบก วัดสิรินธรวรารามภูพร้าว,หมูยอ ก๋วยจั๊บญวน ส้มตำ,ประเพณีแห่เทียนพรรษาและวัฒนธรรมอีสาน,แม่น้ำโขง หน้าผา แก่งหิน ป่าไม้,ผาแต้ม สามพันโบก แห่เทียน หมูยอ โขง; อุบลราชธานี
เชียงราย,ภาคเหนือ,จังหวัดเหนือสุดของไทยที่มีภูเขา ชา กาแฟ และศิลปะร่วมสมัย,วัดร่องขุ่น ดอยตุง ภูชี้ฟ้า,ข้าวซอย ไส้อั่ว น้ำเงี้ยว,วัฒนธรรมล้านนาและชนเผ่าบนพื้นที่สูง งานศิลปะร่วมสมัย,ภูเขาสูง อากาศหนาว ชายแดนเมียนมาและลาว,ดอย ชา กาแฟ ภูชี้ฟ้า ร่องขุ่น ล้านนา; เชียงราย
เชียงใหม่,ภาคเหนือ,จังหวัดท่องเที่ยวยอดนิยมของภาคเหนือ มีเมืองเก่าล้านนาและภูเขา,ดอยสุเทพ ดอยอินทนนท์ ม่อนแจ่ม ถนนคนเดิน,ข้าวซอย ไส้อั่ว น้ำพริกหนุ่ม,ประเพณียี่เป็ง สงกรานต์ล้านนา วัฒนธรรมล้านนา,ภูเขา อากาศหนาว ป่าไม้ ดอยสูง,ดอย ภูเขา หนาว กาแฟ ล้านนา วัด; เชียงใหม่
เพชรบุรี,ภาคตะวันตก,เมืองเก่าริมอ่าวไทยที่มีพระราชวัง ภูเขา และขนมหวาน,พระนครคีรี เขาวัง หาดชะอำ ถ้ำเขาหลวง,ขนมหม้อแกง น้ำตาลโตนด ข้าวแช่,งานพระนครคีรีและอาหารพื้นถิ่น,ชายฝั่งอ่าวไทย ภูเขา และที่ราบเกษตร,เขาวัง ขนมหม้อแกง น้ำตาลโตนด ชะอำ; เพชรบุรี
เพชรบูรณ์,ภาคกลาง,จังหวัดภูเขาที่มีอากาศเย็นและแหล่งท่องเที่ยวธรรมชาติ,เขาค้อ ภูทับเบิก อุทยานแห่งชาติน้ำหนาว,มะขามหวาน ไก่ย่าง ข้าวหลาม,ประเพณีอุ้มพระดำน้ำและวิถีชุมชนบนเขา,ภูเขาสูง อากาศเย็น ป่าไม้ ทุ่งหญ้า,เขาค้อ ภูทับเบิก มะขามหวาน หนาว ภูเขา; เพชรบูรณ์
เลย,ภาคตะวันออกเฉียงเหนือ,จังหวัดภูเขาริมโขงที่มีอากาศหนาวและวัฒนธรรมผีตาโขน,ภูกระดึง ภูเรือ เชียงคาน,มะพร้าวแก้ว ไก่ย่าง ส้มตำ,ประเพณีผีตาโขน บุญหลวง และวัฒนธรรมไทดำ,ภูเขา แม่น้ำโขง อากาศหนาว หน้าผา,ภูกระดึง ภูเรือ เชียงคาน ผีตาโขน หนาว; เลย
แพร่,ภาคเหนือ,เมืองล้านนาเก่าแก่ที่มีบ้านไม้สักและผ้าหม้อห้อม,คุ้มวงศ์บุรี วัดพระธาตุช่อแฮ แพะเมืองผี,หมูยอ ขนมเส้น น้ำพริกอ่อง,ประเพณีไหว้พระธาตุช่อแฮและงานหม้อห้อม,ภูเขา ป่าไม้ แอ่งแพร่,หม้อห้อม แพะเมืองผี ช่อแฮ บ้านไม้สัก ล้านนา; แพร่
แม่ฮ่องสอน,ภาคเหนือ,จังหวัดภูเขาสูงชายแดนที่มีหมอก อากาศหนาว และวัฒนธรรมหลายชาติพันธุ์,ปาย ปางอุ๋ง สะพานซูตองเป้ ดอยกิ่วลม,ข้าวซอย ขนมจีนน้ำเงี้ยว ถั่วเน่า,วัฒนธรรมไทใหญ่ กะเหรี่ยง และชุมชนบนภูเขา,ภูเขาสูง ป่าไม้ หุบเขา อากาศหนาว,ปาย ปางอุ๋ง หมอก ภูเขา ไทใหญ่; แม่ฮ่องสอน
พระนครศรีอยุธยา,ภาคกลาง,อดีตราชธานีของไทยที่มีโบราณสถานและวัดเก่าแก่จำนวนมาก,อุทยานประวัติศาสตร์พระนครศรีอยุธยา|วัดมหาธาตุ|วัดไชยวัฒนาราม,กุ้งแม่น้ำ|โรตีสายไหม|ก๋วยเตี๋ยวเรือ,ประวัติศาสตร์กรุงศรีอยุธยา|ลอยกระทง|วิถีชุมชนริมน้ำ,ที่ราบลุ่มแม่น้ำเจ้าพระยา|ป่าสัก|ลพบุรี,อยุธยา|โบราณสถาน|วัด|กุ้งแม่น้ำ|โรตีสายไหม|กรุงเก่า
อ่างทอง,ภาคกลาง,จังหวัดลุ่มเจ้าพระยาที่มีวัดสำคัญ งานจักสาน และวิถีเกษตร,วัดม่วง|พระพุทธไสยาสน์|วัดขุนอินทประมูล,กลองยาว|ขนมไทย|ปลาแม่น้ำ,งานจักสาน|ประเพณีท้องถิ่น|ชุมชนริมแม่น้ำ,ที่ราบลุ่มแม่น้ำเจ้าพระยา|แม่น้ำน้อย,วัดม่วง|พระใหญ่|จักสาน|เจ้าพระยา|ชาวนา
ระยอง,ภาคตะวันออก,จังหวัดชายฝั่งอ่าวไทยที่มีเมืองอุตสาหกรรม สวนผลไม้ และเกาะเสม็ด,เกาะเสม็ด|หาดแม่รำพึง|ทุ่งโปรงทอง,ทุเรียน|มังคุด|อาหารทะเล|เส้นจันท์ผัดปู,วิถีชาวประมง|งานผลไม้|ชุมชนชายฝั่ง,ชายฝั่งอ่าวไทย|เกาะ|สวนผลไม้|นิคมอุตสาหกรรม,เกาะเสม็ด|ผลไม้|ทะเล|อาหารทะเล|มาบตาพุด
